PKS1934-638, radec bpcal fluxcal delaycal, 19:39:25.03, -63:42:45.63
ATCA2259-375, radec gaincal, 23:02:23.894778, -37:18:06.82368
IC5264, radec target, 22:56:53.035, -36:33:14.91
0408-65, radec bpcal delaycal, 04:08:20.38,-65:45:09.1
